,parameters,MLP1_predictions,MLP2_predictions,pred_RNN_ENDO_1_val,pred_RNN_ENDO_2_val,pred_MLP_ENDO_1_val,pred_RNN_EXO_1_val,pred_RNN_EXO_2_val,pred_RNN_EXO_3_val,pred_RNN_ENDO_1_NEW_val,pred_RNN_EXO_1_NEW_val,pred_RNN_ENDO_1_NEW_test,pred_RNN_ENDO_1_test,model_rnn_unique_1,pred_RNN_ENDO_2_test,pred_MLP_ENDO_1_test,pred_RNN_EXO_1_test,pred_RNN_EXO_2_test,pred_RNN_EXO_3_test
0,TOTAL_PROJETADAS,62828.3715133667,64096.61180496216,65058.200996398926,65361.14684677124,65857.80902481079,65654.61825942993,61500.11756896973,61500.11756896973,65058.200996398926,57513.75352478027,62379.9741191864,62387.674728393555,62387.674728393555,63490.05361175537,61203.360736846924,62380.41911697388,58740.32805633545,52797.38227081299
1,TOTAL_CONSUMIDAS,65637.0,65637.0,65637.0,65637.0,65637.0,65637.0,65637.0,65637.0,65637.0,58653.0,58653.0,58653.0,58653.0,58653.0,58653.0,58653.0,58653.0,58653.0
2,TOTAL_SUBPROJETADAS,-8145.873008728027,-7100.87939453125,-6650.247417449951,-6701.140182495117,-5582.750526428223,-5794.964042663574,-10542.947540283203,-10542.947540283203,-6650.247417449951,-8956.636016845703,-4858.636289596558,-5067.653007507324,-5067.653007507324,-4055.3455696105957,-5583.994079589844,-4839.211627960205,-8373.03433227539,-13913.670890808105
3,TOTAL_SUPERPROJETADAS,5337.244522094727,5560.491199493408,6071.448413848877,6425.287029266357,5803.559551239014,5812.582302093506,6406.06510925293,6406.06510925293,6071.448413848877,7817.389541625977,8585.610408782959,8802.327735900879,8802.327735900879,8892.399181365967,8134.354816436768,8566.630744934082,8460.36238861084,8058.053161621094
4,ERRO_ABS_MEDIO,55.97674560546875,52.93519592285156,53.69154357910156,53.18614196777344,45.064483642578125,46.21235656738281,82.19322204589844,82.19322204589844,53.69154357910156,79.76788330078125,50.97920227050781,56.473876953125,56.473876953125,55.15960693359375,56.535675048828125,49.838714599609375,75.39730072021484,117.41752624511719
5,ERRO_ABS_PER_MEDIO,323361.84535331995,319684.73766899714,402560.2870531988,426536.4272217342,365621.651143731,402990.83179738285,402359.1876867287,402359.1876867287,402560.2870531988,240.13927755563014,105.16493629145329,99.1614939132475,99.1614939132475,107.56337988232498,140.5888710774188,242.76464000258719,240.1483749984805,242.045709403502
