,parameters,MLP1_predictions,MLP2_predictions,pred_RNN_ENDO_1_val,pred_RNN_ENDO_2_val,pred_MLP_ENDO_1_val,pred_RNN_EXO_1_val,pred_RNN_EXO_2_val,pred_RNN_EXO_3_val,pred_RNN_ENDO_1_NEW_val,pred_RNN_EXO_1_NEW_val,pred_RNN_ENDO_1_NEW_test,pred_RNN_ENDO_1_test,model_rnn_unique_1,pred_RNN_ENDO_2_test,pred_MLP_ENDO_1_test,pred_RNN_EXO_1_test,pred_RNN_EXO_2_test,pred_RNN_EXO_3_test
0,TOTAL_PROJETADAS,31013.924839019775,35217.926471710205,33423.96739196777,32984.970529556274,33611.37430477142,30223.764709472656,32146.112915039062,32146.112915039062,33423.96739196777,23382.01187133789,32340.145835876465,30926.620056152344,30926.620056152344,31465.61107826233,32369.655303955078,28728.816802978516,30823.149324417114,29425.79150390625
1,TOTAL_CONSUMIDAS,35555.0,35555.0,35555.0,35555.0,35555.0,35555.0,35555.0,35555.0,35555.0,35555.0,31962.0,31962.0,31962.0,31962.0,31962.0,31962.0,31962.0,31962.0
2,TOTAL_SUBPROJETADAS,-6853.758045196533,-3433.2632026672363,-5248.0078125,-4821.583518981934,-4328.862397193909,-7585.754409790039,-5875.795913696289,-5875.795913696289,-5248.0078125,-14157.108993530273,-3412.095115661621,-4315.918830871582,-4315.918830871582,-3478.9568843841553,-3897.856979370117,-5942.356475830078,-4183.734128952026,-5953.868759155273
3,TOTAL_SUPERPROJETADAS,2312.6828842163086,3096.1896743774414,3116.9752044677734,2251.554048538208,2385.236701965332,2254.5191192626953,2466.9088287353516,2466.9088287353516,3116.9752044677734,1984.120864868164,3790.240951538086,3280.538887023926,3280.538887023926,2982.5679626464844,4305.512283325195,2709.1732788085938,3044.8834533691406,3417.6602630615234
4,ERRO_ABS_MEDIO,86.74371337890625,48.17791748046875,78.28146362304688,57.326904296875,41.878570556640625,99.81130981445312,76.1607666015625,76.1607666015625,78.28146362304688,189.70150756835938,61.992218017578125,74.01921081542969,74.01921081542969,46.70722198486328,71.89505004882812,85.59107971191406,63.59894561767578,100.44429016113281
5,ERRO_ABS_PER_MEDIO,648770.693320813,726271.6051407185,767154.1470620014,768974.9938304229,610040.9192675158,783943.4401953422,831822.5241647426,831822.5241647426,767154.1470620014,613705.1704488309,84.54770173043045,87.49505795101616,87.49505795101616,74.93232120725092,92.57770653202563,90.98316009369515,88.26479898567892,98.7866482855524
